ID;basal_area;Number_of_stems;mean_stem_basal_area;Xrange;Yrange;RangeAvg;infected;CI_tree
3533;0.002827433;1;0.002827433;0;0;0;0;384.5288736
3337;0.002827433;1;0.002827433;0;0;0;0;83.10073737
3087;0.005026548;1;0.005026548;0;0;0;0;57.02008773
2926;0.007853982;1;0.007853982;0;0;0;0;41.20848377
3361;0.006361725;1;0.006361725;0;0;0;0;37.65613006
2214;0.007853982;1;0.007853982;0;0;0;0;34.03654139
2402;0.007853982;1;0.007853982;0;0;0;0;33.21266025
2033;0.009503318;1;0.009503318;0;0;0;0;30.11349485
3399;0.003848451;1;0.003848451;0;0;0;0;29.17932046
3360;0.009503318;1;0.009503318;0;0;0;0;27.20431502
2101;0.007853982;1;0.007853982;0;0;0;0;27.02557789
2208;0.007853982;1;0.007853982;0;0;0;0;26.29948975
2393;0.011309734;1;0.011309734;0;0;0;0;25.26346477
3291;0.007853982;1;0.007853982;0;0;0;0;24.44208343
3314;0.011309734;1;0.011309734;0;0;0;0;22.44159619
3427;0.009503318;1;0.009503318;0;0;0;0;22.3259164
3396;0.009503318;1;0.009503318;0;0;0;0;21.4253994
2911;0.015393804;1;0.015393804;0;0;0;0;21.11172327
3366;0.007853982;1;0.007853982;0;0;0;0;20.34192637
3558;0.011309734;1;0.011309734;0;0;0;0;20.11887165
3251;0.015393804;1;0.015393804;0;0;0;0;18.98927586
3184;0.015393804;1;0.015393804;0;0;0;0;16.99179587
2575;0.015393804;1;0.015393804;0;0;0;0;16.48227368
2962;0.022698007;1;0.022698007;0;0;0;0;16.328968
2959;0.020106193;1;0.020106193;0;0;0;0;15.16609985
3171;0.015393804;1;0.015393804;0;0;0;0;15.02428081
2990;0.013273229;1;0.013273229;0;0;0;0;14.59293111
2680;0.022698007;1;0.022698007;0;0;0;0;13.84054683
3380;0.017671459;1;0.017671459;0;0;0;0;13.62392812
2042;0.017671459;1;0.017671459;0;0;0;0;13.40614196
2475;0.022698007;1;0.022698007;0;0;0;0;13.39055351
3015;0.015393804;1;0.015393804;0;0;0;0;13.3295914
3312;0.022698007;1;0.022698007;0;0;0;0;13.25519137
2957;0.0254469;1;0.0254469;0;0;0;0;13.18694416
3455;0.017671459;1;0.017671459;0;0;0;0;12.93901594
2937;0.020106193;1;0.020106193;0;0;0;0;12.81507958
2958;0.0254469;1;0.0254469;0;0;0;0;12.81008337
2421;0.020106193;1;0.020106193;0;0;0;0;12.52875239
3140;0.015393804;1;0.015393804;0;0;0;0;12.13090472
78;0.024582963;2;0.012291482;0.086;0.376;0.231;0;12.03474606
2215;0.0254469;1;0.0254469;0;0;0;0;11.76428872
2032;0.0254469;1;0.0254469;0;0;0;0;11.72165115
2349;0.0254469;1;0.0254469;0;0;0;0;11.25405703
2961;0.031415927;1;0.031415927;0;0;0;0;11.24148638
2067;0.0254469;1;0.0254469;0;0;0;1;11.2354164
2529;0.028352874;1;0.028352874;0;0;0;0;11.10498038
3173;0.022698007;1;0.022698007;0;0;0;0;11.06193474
3099;0.020106193;1;0.020106193;0;0;0;0;11.03056202
3322;0.022698007;1;0.022698007;0;0;0;0;10.69039109
2209;0.020106193;1;0.020106193;0;0;0;0;10.47686409
3553;0.015393804;1;0.015393804;0;0;0;0;10.46234588
2045;0.017671459;1;0.017671459;0;0;0;0;10.41448132
2514;0.0254469;1;0.0254469;0;0;0;0;10.26971589
3042;0.031415927;1;0.031415927;0;0;0;0;10.21538304
2249;0.034636059;1;0.034636059;0;0;0;0;10.19795809
3534;0.031415927;1;0.031415927;0;0;0;0;10.03042997
3203;0.022698007;1;0.022698007;0;0;0;0;9.912229247
3259;0.0254469;1;0.0254469;0;0;0;0;9.87830838
3357;0.057255526;1;0.057255526;0;0;0;1;9.871159213
3086;0.0254469;1;0.0254469;0;0;0;0;9.788377566
2924;0.0254469;1;0.0254469;0;0;0;0;9.764265871
3304;0.0254469;1;0.0254469;0;0;0;0;9.727347337
3492;0.0254469;1;0.0254469;0;0;0;0;9.666168111
3172;0.0254469;1;0.0254469;0;0;0;0;9.561288232
2176;0.031415927;1;0.031415927;0;0;0;0;9.453516161
3422;0.022698007;1;0.022698007;0;0;0;0;9.361737081
2989;0.0254469;1;0.0254469;0;0;0;0;9.313680691
2912;0.031415927;1;0.031415927;0;0;0;0;9.271074855
2092;0.031415927;1;0.031415927;0;0;0;0;9.239621141
151;0.030944688;2;0.015472344;0.029;0.325;0.177;0;9.193954546
3170;0.0254469;1;0.0254469;0;0;0;0;9.172045184
3383;0.0254469;1;0.0254469;0;0;0;0;9.085499087
2248;0.038013271;1;0.038013271;0;0;0;0;9.070104129
2041;0.022698007;1;0.022698007;0;0;0;0;9.068384775
3329;0.0254469;1;0.0254469;0;0;0;0;9.066065805
3130;0.022698007;1;0.022698007;0;0;0;0;8.96420473
2960;0.034636059;1;0.034636059;0;0;0;0;8.955717259
3384;0.031415927;1;0.031415927;0;0;0;0;8.932855334
3139;0.022698007;1;0.022698007;0;0;0;0;8.895631936
3544;0.0254469;1;0.0254469;0;0;0;0;8.895326313
2290;0.0254469;1;0.0254469;0;0;0;0;8.789097692
3462;0.028352874;1;0.028352874;0;0;0;0;8.661574494
2952;0.022698007;1;0.022698007;0;0;0;0;8.607790869
2664;0.031415927;1;0.031415927;0;0;0;0;8.596447241
2713;0.0254469;1;0.0254469;0;0;0;0;8.508870499
3228;0.034636059;1;0.034636059;0;0;0;0;8.451963672
193;0.030473449;2;0.015236725;0.341;0.002;0.1715;0;8.319530541
2154;0.020106193;1;0.020106193;0;0;0;0;8.310732945
2931;0.0254469;1;0.0254469;0;0;0;0;8.276504123
94;0.038013271;1;0.038013271;0;0;0;0;8.251278779
3027;0.031415927;1;0.031415927;0;0;0;0;8.230965886
2382;0.031415927;1;0.031415927;0;0;0;0;8.068203712
2166;0.0254469;1;0.0254469;0;0;0;0;8.058075134
3456;0.031415927;1;0.031415927;0;0;0;0;8.032169707
3356;0.053092916;1;0.053092916;0;0;0;1;7.959072568
2093;0.028352874;1;0.028352874;0;0;0;0;7.937174304
2476;0.034636059;1;0.034636059;0;0;0;0;7.818081859
180;0.030944688;2;0.015472344;0.523;0.064;0.2935;0;7.793839079
67;0.026703538;2;0.013351769;0.459;0.552;0.5055;0;7.782610376
2341;0.034636059;1;0.034636059;0;0;0;0;7.758369565
3169;0.0254469;1;0.0254469;0;0;0;0;7.754754821
3502;0.031415927;1;0.031415927;0;0;0;0;7.57812927
2251;0.041547563;1;0.041547563;0;0;0;0;7.539897925
143;0.016336282;2;0.008168141;0.382;0.079;0.2305;0;7.485217219
2276;0.031415927;1;0.031415927;0;0;0;0;7.445030096
2273;0.038013271;1;0.038013271;0;0;0;0;7.431102172
2053;0.038013271;1;0.038013271;0;0;0;0;7.368502535
3174;0.034636059;1;0.034636059;0;0;0;0;7.333813766
257;0.038013271;1;0.038013271;0;0;0;0;7.23109197
2244;0.038013271;1;0.038013271;0;0;0;0;7.213439901
2774;0.0254469;1;0.0254469;0;0;0;0;7.168973188
3204;0.028352874;1;0.028352874;0;0;0;0;7.124020239
2982;0.053092916;1;0.053092916;0;0;0;0;7.101754814
2184;0.045238934;1;0.045238934;0;0;0;0;7.061623225
2656;0.034636059;1;0.034636059;0;0;0;0;7.015195116
2144;0.045238934;1;0.045238934;0;0;0;0;6.991092001
2497;0.031415927;1;0.031415927;0;0;0;0;6.989753273
2175;0.041547563;1;0.041547563;0;0;0;0;6.972183792
3313;0.041547563;1;0.041547563;0;0;0;0;6.967359291
3543;0.034636059;1;0.034636059;0;0;0;0;6.868450702
2477;0.041547563;1;0.041547563;0;0;0;0;6.867974524
3381;0.031415927;1;0.031415927;0;0;0;0;6.865743573
75;0.031808626;2;0.015904313;0.081;0.364;0.2225;0;6.859202414
2530;0.041547563;1;0.041547563;0;0;0;0;6.831613526
3557;0.031415927;1;0.031415927;0;0;0;0;6.811960703
3536;0.045238934;1;0.045238934;0;0;0;0;6.806692794
2250;0.049087385;1;0.049087385;0;0;0;0;6.62998709
2506;0.031415927;1;0.031415927;0;0;0;0;6.578638397
2599;0.038013271;1;0.038013271;0;0;0;1;6.570714184
3120;0.041547563;1;0.041547563;0;0;0;0;6.560033108
2718;0.020106193;1;0.020106193;0;0;0;0;6.420168151
2527;0.049087385;1;0.049087385;0;0;0;0;6.39479413
3636;0.045238934;1;0.045238934;0;0;0;0;6.317634991
2177;0.053092916;1;0.053092916;0;0;0;0;6.266902877
3260;0.038013271;1;0.038013271;0;0;0;0;6.237114038
2679;0.041547563;1;0.041547563;0;0;0;0;6.15986787
2544;0.045238934;1;0.045238934;0;0;0;0;6.114530034
2275;0.041547563;1;0.041547563;0;0;0;0;6.096629963
3299;0.038013271;1;0.038013271;0;0;0;0;5.943056007
2916;0.049087385;1;0.049087385;0;0;0;0;5.930247605
107;0.031180307;2;0.015590154;0.009;0.191;0.1;0;5.923074849
2216;0.045238934;1;0.045238934;0;0;0;0;5.907743395
2863;0.028352874;1;0.028352874;0;0;0;0;5.901282438
2195;0.045238934;1;0.045238934;0;0;0;0;5.764442101
2238;0.045238934;1;0.045238934;0;0;0;0;5.607210112
3333;0.049087385;1;0.049087385;0;0;0;0;5.554362118
3055;0.041547563;1;0.041547563;0;0;0;0;5.512302966
3108;0.053092916;1;0.053092916;0;0;0;0;5.457373677
2653;0.053092916;1;0.053092916;0;0;0;0;5.360300141
158;0.050893801;2;0.025446901;0.557;0.456;0.5065;0;5.353146795
2492;0.031415927;1;0.031415927;0;0;0;0;5.291017756
3547;0.045238934;1;0.045238934;0;0;0;0;5.218922949
2036;0.045238934;1;0.045238934;0;0;0;0;5.211439205
274;0.038720129;2;0.019360065;0.002;0.304;0.153;0;5.200965523
3332;0.049087385;1;0.049087385;0;0;0;0;5.183506703
2258;0.045238934;1;0.045238934;0;0;0;0;5.17363688
2390;0.038013271;1;0.038013271;0;0;0;0;5.160357828
115;0.045238934;3;0.015079645;0.73;0.613;0.6715;0;5.159554496
88;0.053171456;3;0.017723819;0.5;0.372;0.436;0;5.155431638
2734;0.034636059;1;0.034636059;0;0;0;0;5.134117279
2213;0.041547563;1;0.041547563;0;0;0;0;5.121352439
2886;0.031415927;1;0.031415927;0;0;0;0;5.116399969
3478;0.049087385;1;0.049087385;0;0;0;0;5.101383995
2504;0.070685835;1;0.070685835;0;0;0;0;5.08700543
153;0.0512865;2;0.02564325;0.455;0.297;0.376;0;5.086036385
341;0.035499997;2;0.017749999;0.64;0.217;0.4285;0;5.045633822
277;0.039662607;2;0.019831304;0.125;0.062;0.0935;0;4.966949
201;0.05152212;2;0.02576106;0.793;0.715;0.754;0;4.934310465
125;0.054113933;2;0.027056967;0.871;0.654;0.7625;0;4.926045496
3560;0.045238934;1;0.045238934;0;0;0;0;4.925588307
2818;0.053092916;1;0.053092916;0;0;0;0;4.915419571
2373;0.049087385;1;0.049087385;0;0;0;0;4.88789976
2627;0.041547563;1;0.041547563;0;0;0;1;4.878962104
2310;0.031415927;1;0.031415927;0;0;0;0;4.87767737
2342;0.053092916;1;0.053092916;0;0;0;0;4.851849182
150;0.048459067;2;0.024229534;0.517;0.187;0.352;0;4.82728545
171;0.045553093;2;0.022776547;1.079;0.094;0.5865;0;4.785221731
3397;0.038013271;1;0.038013271;0;0;0;0;4.746084101
203;0.06424557;2;0.032122785;0.233;0.574;0.4035;0;4.741660539
3501;0.049087385;1;0.049087385;0;0;0;0;4.712873647
112;0.028274334;3;0.009424778;1.354;0.397;0.8755;0;4.701613242
2389;0.031415927;1;0.031415927;0;0;0;0;4.696106177
3470;0.049087385;1;0.049087385;0;0;0;0;4.695242269
3367;0.049087385;1;0.049087385;0;0;0;0;4.672024395
2193;0.049087385;1;0.049087385;0;0;0;0;4.622196677
2983;0.070685835;1;0.070685835;0;0;0;1;4.611764693
3554;0.045238934;1;0.045238934;0;0;0;0;4.556203962
3183;0.053092916;1;0.053092916;0;0;0;0;4.53712461
2028;0.053092916;1;0.053092916;0;0;0;0;4.517054138
372;0.056862827;2;0.028431414;0.099;0.497;0.298;0;4.515993792
2330;0.041547563;1;0.041547563;0;0;0;0;4.507710432
386;0.053799774;2;0.026899887;0.746;0.963;0.8545;0;4.502384909
33;0.064402649;2;0.032201325;0.43;0.524;0.477;0;4.473570289
3358;0.057255526;1;0.057255526;0;0;0;0;4.467006335
2424;0.041547563;1;0.041547563;0;0;0;0;4.464128192
3562;0.057255526;1;0.057255526;0;0;0;0;4.460094901
3250;0.053092916;1;0.053092916;0;0;0;0;4.455987308
136;0.048537606;3;0.016179202;0.152;0.642;0.397;0;4.455170135
3292;0.045238934;1;0.045238934;0;0;0;0;4.394221546
3347;0.045238934;1;0.045238934;0;0;0;0;4.380416904
85;0.067701322;3;0.022567107;0.052;0.718;0.385;0;4.375687692
134;0.05152212;2;0.02576106;0.471;0.144;0.3075;0;4.360274269
3283;0.038013271;1;0.038013271;0;0;0;0;4.347187427
2496;0.049087385;1;0.049087385;0;0;0;0;4.345052936
3338;0.053092916;1;0.053092916;0;0;0;0;4.321072881
2698;0.045238934;1;0.045238934;0;0;0;0;4.311034201
3054;0.053092916;1;0.053092916;0;0;0;0;4.290270926
3069;0.038013271;1;0.038013271;0;0;0;0;4.269910905
3290;0.041547563;1;0.041547563;0;0;0;0;4.248721672
3016;0.045238934;1;0.045238934;0;0;0;0;4.245371124
3362;0.049087385;1;0.049087385;0;0;0;0;4.237502139
126;0.065345127;2;0.032672564;0.642;0.377;0.5095;0;4.219624648
2449;0.053092916;1;0.053092916;0;0;0;0;4.21666422
2227;0.061575216;1;0.061575216;0;0;0;0;4.203796086
173;0.061653756;2;0.030826878;0.91;0.046;0.478;0;4.175151385
23;0.046809731;2;0.023404866;0.652;0.28;0.466;0;4.159922777
3561;0.061575216;1;0.061575216;0;0;0;0;4.154900394
2212;0.045238934;1;0.045238934;0;0;0;0;4.111884143
242;0.045553093;2;0.022776547;0.141;0.364;0.2525;0;4.107986166
2410;0.061575216;1;0.061575216;0;0;0;0;4.106902514
2443;0.045238934;1;0.045238934;0;0;0;0;4.106673342
3559;0.045238934;1;0.045238934;0;0;0;0;4.095891939
2023;0.045238934;1;0.045238934;0;0;0;0;4.09098441
3010;0.045238934;1;0.045238934;0;0;0;0;4.088925951
3365;0.031415927;1;0.031415927;0;0;0;0;4.078915336
2500;0.057255526;1;0.057255526;0;0;0;0;4.076366357
2259;0.053092916;1;0.053092916;0;0;0;0;4.074850897
3535;0.061575216;1;0.061575216;0;0;0;0;4.07231158
2286;0.038013271;1;0.038013271;0;0;0;0;4.069418862
2706;0.061575216;1;0.061575216;0;0;0;0;3.978812036
198;0.062831853;2;0.031415927;0.94;1.068;1.004;0;3.956098289
304;0.054113933;2;0.027056967;0.363;1.506;0.9345;0;3.955047741
3594;0.034636059;1;0.034636059;0;0;0;0;3.9374244
2165;0.045238934;1;0.045238934;0;0;0;0;3.937109309
2164;0.053092916;1;0.053092916;0;0;0;0;3.931569218
3289;0.038013271;1;0.038013271;0;0;0;0;3.921208219
2206;0.053092916;1;0.053092916;0;0;0;0;3.833858713
90;0.069429198;2;0.034714599;0.363;0.764;0.5635;0;3.822872526
109;0.045945793;3;0.015315264;0.329;0.695;0.512;0;3.818009072
80;0.052621677;5;0.010524335;0.888;0.678;0.783;0;3.807451689
2765;0.053092916;1;0.053092916;0;0;0;0;3.80189582
3632;0.053092916;1;0.053092916;0;0;0;0;3.794182112
2819;0.070685835;1;0.070685835;0;0;0;0;3.768854229
310;0.0597688;2;0.0298844;0.192;0.44;0.316;0;3.754008257
177;0.072335171;3;0.024111724;0.094;1.905;0.9995;0;3.75204596
2110;0.045238934;1;0.045238934;0;0;0;0;3.703607652
3503;0.057255526;1;0.057255526;0;0;0;0;3.691542432
2293;0.053092916;1;0.053092916;0;0;0;0;3.651261046
3575;0.080424772;1;0.080424772;0;0;0;0;3.632232513
2247;0.053092916;1;0.053092916;0;0;0;0;3.597544214
3024;0.070685835;1;0.070685835;0;0;0;0;3.59672293
168;0.062831853;2;0.031415927;0.536;0.026;0.281;0;3.57915766
3576;0.075476764;1;0.075476764;0;0;0;0;3.561324245
2450;0.045238934;1;0.045238934;0;0;0;0;3.557258414
3537;0.08552986;1;0.08552986;0;0;0;1;3.540815089
3592;0.0254469;1;0.0254469;0;0;0;0;3.535909091
3635;0.070685835;1;0.070685835;0;0;0;0;3.517890696
3407;0.061575216;1;0.061575216;0;0;0;0;3.500309568
4247;0.070685835;1;0.070685835;0;0;0;0;3.480455073
178;0.083252205;2;0.041626103;0.814;0.469;0.6415;0;3.469964315
2105;0.053092916;1;0.053092916;0;0;0;0;3.447990388
3317;0.070685835;1;0.070685835;0;0;0;0;3.439505103
10;0.060946897;2;0.030473449;0.207;4.165;2.186;0;3.434631791
2991;0.049087385;1;0.049087385;0;0;0;0;3.431012477
335;0.047909288;2;0.023954644;0.277;0.224;0.2505;0;3.3894435
2716;0.041547563;1;0.041547563;0;0;0;0;3.370872492
131;0.053878314;4;0.013469579;0.636;0.685;0.6605;0;3.336764756
2859;0.053092916;1;0.053092916;0;0;0;0;3.318968907
82;0.069272118;3;0.023090706;0.923;0.455;0.689;0;3.303039039
110;0.048459067;2;0.024229534;0.382;0.53;0.456;0;3.272698807
3432;0.045238934;1;0.045238934;0;0;0;0;3.265314028
2439;0.061575216;1;0.061575216;0;0;0;0;3.257195097
169;0.069429198;2;0.034714599;0.485;0.416;0.4505;0;3.248846983
123;0.087100656;2;0.043550328;0.689;0.026;0.3575;0;3.239025047
76;0.060082959;2;0.03004148;0.081;0.535;0.308;0;3.233659776
202;0.082938046;3;0.027646015;0.502;0.681;0.5915;0;3.213242603
293;0.056862827;2;0.028431414;0.419;0.317;0.368;0;3.206007146
162;0.069429198;2;0.034714599;0.441;0.437;0.439;0;3.192000904
3231;0.061575216;1;0.061575216;0;0;0;0;3.183007054
141;0.051050881;5;0.010210176;0.48;0.436;0.458;0;3.175686416
2717;0.022698007;1;0.022698007;0;0;0;0;3.169723096
3359;0.070685835;1;0.070685835;0;0;0;0;3.167361743
2865;0.045238934;1;0.045238934;0;0;0;0;3.163347472
262;0.06424557;2;0.032122785;0.09;0.463;0.2765;0;3.134443609
2472;0.066051986;1;0.066051986;0;0;0;0;3.115279133
41;0.083723444;2;0.041861722;0.759;0.287;0.523;0;3.109580699
3363;0.057255526;1;0.057255526;0;0;0;0;3.094159002
98;0.114668132;2;0.057334066;0.406;0.054;0.23;1;3.091901539
43;0.075555303;2;0.037777652;0.262;0.401;0.3315;0;3.077940137
167;0.066051986;2;0.033025993;1.293;0.495;0.894;0;3.070326875
2284;0.075476764;1;0.075476764;0;0;0;0;3.064392722
2810;0.070685835;1;0.070685835;0;0;0;1;3.062271797
2207;0.061575216;1;0.061575216;0;0;0;0;3.057613686
3500;0.080424772;1;0.080424772;0;0;0;0;3.034176111
58;0.054742252;2;0.027371126;0.043;0.91;0.4765;0;3.03325398
2354;0.045238934;1;0.045238934;0;0;0;0;3.012175082
208;0.069900437;2;0.034950219;0.136;0.291;0.2135;1;3.006073817
111;0.037777652;2;0.018888826;0.427;0.077;0.252;0;3.005365
2217;0.057255526;1;0.057255526;0;0;0;0;2.991427434
3499;0.070685835;1;0.070685835;0;0;0;0;2.989480127
225;0.080738931;3;0.026912977;0.9;1.133;1.0165;0;2.988949388
2431;0.053092916;1;0.053092916;0;0;0;0;2.980798138
2086;0.070685835;1;0.070685835;0;0;0;0;2.969675533
120;0.071628313;6;0.011938052;1.142;1.674;1.408;0;2.966352652
2955;0.070685835;1;0.070685835;0;0;0;0;2.962943356
86;0.076340701;3;0.0254469;0.749;0.735;0.742;0;2.944813526
89;0.09817477;3;0.032724923;0.08;0.968;0.524;0;2.941292202
2119;0.053092916;1;0.053092916;0;0;0;0;2.926495534
118;0.076262162;3;0.025420721;0.46;0.652;0.556;0;2.91665799
72;0.037777652;2;0.018888826;0.199;0.389;0.294;0;2.909652616
74;0.061575216;6;0.010262536;1.972;0.808;1.39;0;2.881134462
135;0.070842914;4;0.017710729;0.903;0.904;0.9035;0;2.864910805
383;0.088357293;2;0.044178647;0.382;0.141;0.2615;0;2.851540568
2837;0.066051986;1;0.066051986;0;0;0;0;2.84899705
39;0.094326319;2;0.04716316;0.819;0.507;0.663;0;2.834353559
3631;0.057255526;1;0.057255526;0;0;0;0;2.828123173
170;0.066366145;2;0.033183073;1.397;0.058;0.7275;0;2.824908248
2555;0.070685835;1;0.070685835;0;0;0;0;2.818385546
100;0.112233398;2;0.056116699;0.058;0.421;0.2395;0;2.801991388
2551;0.053092916;1;0.053092916;0;0;0;0;2.799464672
155;0.095897116;3;0.031965705;0.873;0.461;0.667;0;2.792830279
2436;0.080424772;1;0.080424772;0;0;0;0;2.780651326
172;0.087100656;2;0.043550328;0.462;1.118;0.79;1;2.765404352
371;0.063460172;2;0.031730086;0.27;0.16;0.215;0;2.763500881
3609;0.080424772;1;0.080424772;0;0;0;0;2.750459737
97;0.106185832;2;0.053092916;0.16;0.381;0.2705;0;2.745578565
2770;0.061575216;1;0.061575216;0;0;0;0;2.719029752
3582;0.090792028;1;0.090792028;0;0;0;1;2.695471424
276;0.090634948;2;0.045317474;0.087;0.473;0.28;0;2.689331941
102;0.091420346;3;0.030473449;0.139;1.1;0.6195;0;2.686707232
3420;0.080424772;1;0.080424772;0;0;0;0;2.683937216
278;0.079560834;2;0.039780417;0.621;0.375;0.498;0;2.678912727
279;0.084508842;2;0.042254421;0.343;0.678;0.5105;0;2.666477154
2228;0.101787602;1;0.101787602;0;0;0;0;2.654222213
3011;0.057255526;1;0.057255526;0;0;0;0;2.64829694
3382;0.101787602;1;0.101787602;0;0;0;0;2.606685627
3284;0.057255526;1;0.057255526;0;0;0;0;2.598513219
3599;0.061575216;1;0.061575216;0;0;0;0;2.597516347
159;0.089535391;3;0.02984513;0.634;0.596;0.615;0;2.596894338
300;0.086079639;2;0.04303982;1.262;0.459;0.8605;1;2.553685838
87;0.104379416;3;0.034793139;0.526;1.025;0.7755;0;2.548842332
181;0.098096231;3;0.032698744;0.791;0.754;0.7725;0;2.546910576
298;0.083409285;3;0.027803095;0.282;0.889;0.5855;0;2.514647795
344;0.083252205;2;0.041626103;0.372;0.706;0.539;0;2.508913222
166;0.087100656;2;0.043550328;0.713;0.216;0.4645;0;2.499758628
2338;0.080424772;1;0.080424772;0;0;0;1;2.492861909
2442;0.053092916;1;0.053092916;0;0;0;0;2.474675991
31;0.066051986;2;0.033025993;0.116;0.489;0.3025;0;2.472353763
3463;0.061575216;1;0.061575216;0;0;0;0;2.471940734
2097;0.075476764;1;0.075476764;0;0;0;0;2.469064647
258;0.086786497;2;0.043393249;0.229;0.258;0.2435;0;2.469005519
2024;0.080424772;1;0.080424772;0;0;0;0;2.458795643
265;0.084508842;2;0.042254421;0.625;0.401;0.513;0;2.454569512
152;0.094326319;2;0.04716316;0.674;0.704;0.689;0;2.449187667
2205;0.075476764;1;0.075476764;0;0;0;0;2.430059548
373;0.101473443;3;0.033824481;0.422;0.935;0.6785;0;2.406757307
3590;0.041547563;1;0.041547563;0;0;0;1;2.403923678
3346;0.061575216;1;0.061575216;0;0;0;0;2.399046351
2309;0.038013271;1;0.038013271;0;0;0;0;2.390749217
2129;0.061575216;1;0.061575216;0;0;0;1;2.389439098
119;0.065816366;5;0.013163273;0.68;0.884;0.782;0;2.386138958
241;0.084508842;2;0.042254421;1.385;0.318;0.8515;0;2.378647929
63;0.100845124;3;0.033615041;0.286;1.101;0.6935;0;2.377293076
329;0.096211275;2;0.048105638;0.728;0.572;0.65;0;2.358420095
54;0.066758844;2;0.033379422;0.419;0.421;0.42;0;2.340810951
290;0.08144579;3;0.027148597;0.359;2.379;1.369;0;2.319294148
3493;0.080424772;1;0.080424772;0;0;0;0;2.314225907
2367;0.061575216;1;0.061575216;0;0;0;0;2.308623366
154;0.102573;3;0.034191;0.915;1.167;1.041;0;2.290872214
2285;0.080424772;1;0.080424772;0;0;0;0;2.255951232
176;0.108384947;4;0.027096237;0.628;1.774;1.201;0;2.255496151
91;0.103358398;3;0.034452799;0.701;0.61;0.6555;0;2.240841356
116;0.100845124;4;0.025211281;0.797;0.801;0.799;0;2.231625548
330;0.09833185;2;0.049165925;0.222;0.667;0.4445;0;2.180744144
3511;0.080424772;1;0.080424772;0;0;0;1;2.1718161
137;0.07696902;3;0.02565634;0.988;1.094;1.041;0;2.16320228
2139;0.061575216;1;0.061575216;0;0;0;0;2.127238493
8;0.079874993;2;0.039937497;0.398;0.019;0.2085;0;2.126924652
380;0.102180301;2;0.051090151;0.326;0.522;0.424;0;2.11106761
68;0.071785392;3;0.023928464;0.655;1.239;0.947;0;2.108375107
269;0.091498886;2;0.045749443;0.493;0.276;0.3845;1;2.08575852
3510;0.066051986;1;0.066051986;0;0;0;0;2.085338361
156;0.117024326;2;0.058512163;1.072;0.025;0.5485;0;2.080641029
369;0.106185832;2;0.053092916;0.307;0.67;0.4885;0;2.075247635
379;0.083252205;2;0.041626103;0.73;2.052;1.391;0;2.069961886
323;0.116945787;2;0.058472894;0.225;0.475;0.35;0;2.053236883
353;0.126763264;3;0.042254421;0.986;0.73;0.858;0;2.051731162
305;0.076026542;2;0.038013271;0.122;0.764;0.443;0;2.051673273
2451;0.070685835;1;0.070685835;0;0;0;0;2.049816684
160;0.107913708;3;0.035971236;1.366;0.432;0.899;1;2.035677637
2145;0.096211275;1;0.096211275;0;0;0;0;2.035442363
205;0.106342911;2;0.053171456;0.339;0.486;0.4125;0;2.02952615
2447;0.08552986;1;0.08552986;0;0;0;1;2.023892266
99;0.143570784;3;0.047856928;0.867;0.883;0.875;0;2.019275703
2194;0.101787602;1;0.101787602;0;0;0;0;2.017741974
65;0.052307518;2;0.026153759;1.216;0.199;0.7075;0;2.005067886
3416;0.096211275;1;0.096211275;0;0;0;1;1.99607453
2815;0.075476764;1;0.075476764;0;0;0;0;1.986605713
2864;0.08552986;1;0.08552986;0;0;0;0;1.978503106
2925;0.107521009;1;0.107521009;0;0;0;1;1.968109962
132;0.087100656;2;0.043550328;0.667;0.595;0.631;0;1.94741701
287;0.09833185;2;0.049165925;0.514;0.419;0.4665;0;1.937949143
2725;0.070685835;1;0.070685835;0;0;0;0;1.921394342
157;0.125742246;3;0.041914082;0.771;0.755;0.763;0;1.916132516
204;0.127627202;2;0.063813601;0.246;0.425;0.3355;0;1.915525629
38;0.148283173;5;0.029656635;0.702;2.748;1.725;0;1.911124705
165;0.076026542;2;0.038013271;0.14;0.721;0.4305;1;1.908145345
356;0.12849114;3;0.04283038;0.806;0.567;0.6865;0;1.906583271
2883;0.080424772;1;0.080424772;0;0;0;0;1.896536168
122;0.135559723;4;0.033889931;0.643;1.315;0.979;0;1.884895639
3421;0.113411495;1;0.113411495;0;0;0;1;1.874479861
2723;0.031415927;1;0.031415927;0;0;0;1;1.832977009
223;0.140586271;4;0.035146568;1.03;1.235;1.1325;0;1.826373362
256;0.114668132;2;0.057334066;0.721;0.752;0.7365;1;1.825407584
288;0.101630522;3;0.033876841;0.496;0.866;0.681;0;1.824400067
244;0.123150432;2;0.061575216;0.429;0.617;0.523;1;1.821471304
2528;0.14522012;1;0.14522012;0;0;0;0;1.803015511
2401;0.101787602;1;0.101787602;0;0;0;1;1.801856709
2084;0.101787602;1;0.101787602;0;0;0;1;1.796327583
263;0.084508842;2;0.042254421;0.082;0.665;0.3735;0;1.786769524
2650;0.049087385;1;0.049087385;0;0;0;0;1.769082402
2109;0.101787602;1;0.101787602;0;0;0;0;1.7675007
2493;0.096211275;1;0.096211275;0;0;0;0;1.752597807
108;0.079560834;3;0.026520278;0.507;0.855;0.681;0;1.748410256
2337;0.080424772;1;0.080424772;0;0;0;0;1.727168492
77;0.124249989;5;0.024849998;1.545;1.25;1.3975;0;1.724326612
37;0.163598437;3;0.054532812;0.923;0.458;0.6905;0;1.721620595
114;0.100923664;4;0.025230916;0.577;0.609;0.593;0;1.719782228
2495;0.096211275;1;0.096211275;0;0;0;1;1.717667053
3258;0.101787602;1;0.101787602;0;0;0;0;1.716347516
252;0.11977322;2;0.05988661;0.222;0.589;0.4055;0;1.714576014
273;0.156215695;3;0.052071898;0.635;0.443;0.539;0;1.710894283
2080;0.096211275;1;0.096211275;0;0;0;0;1.70552363
2325;0.066051986;1;0.066051986;0;0;0;0;1.703568024
3431;0.101787602;1;0.101787602;0;0;0;0;1.703502368
174;0.118280963;3;0.039426988;1.196;1.247;1.2215;0;1.686653432
93;0.114668132;2;0.057334066;0.029;0.308;0.1685;0;1.672826627
2025;0.101787602;1;0.101787602;0;0;0;0;1.663708725
219;0.108699106;2;0.054349553;0.567;0.55;0.5585;0;1.657386295
179;0.132261051;2;0.066130526;0.876;0.69;0.783;0;1.656897973
44;0.124564149;4;0.031141037;0.991;1.059;1.025;0;1.656600994
113;0.084901541;3;0.028300514;0.848;1.084;0.966;1;1.644021967
236;0.137601758;3;0.045867253;1.062;0.69;0.876;0;1.643566373
2149;0.070685835;1;0.070685835;0;0;0;0;1.633738419
331;0.127941361;2;0.063970681;1.162;0.796;0.979;1;1.610421606
2861;0.101787602;1;0.101787602;0;0;0;1;1.599590615
309;0.121972335;2;0.060986168;0.518;0.339;0.4285;0;1.57892912
362;0.127627202;2;0.063813601;0.495;0.093;0.294;0;1.578720602
267;0.100923664;2;0.050461832;0.228;0.056;0.142;0;1.574602868
292;0.102180301;2;0.051090151;0.255;0.305;0.28;0;1.568524047
20;0.090949107;4;0.022737277;0.666;0.478;0.572;0;1.567852702
336;0.110348442;2;0.055174221;0.728;0.153;0.4405;0;1.566336455
3591;0.057255526;1;0.057255526;0;0;0;0;1.558906408
144;0.060711278;2;0.030355639;0.224;0.87;0.547;0;1.537548256
117;0.134852865;5;0.026970573;1.232;1.563;1.3975;0;1.52933325
186;0.139879413;2;0.069939707;0.618;0.178;0.398;1;1.52667009
2127;0.061575216;1;0.061575216;0;0;0;0;1.521431591
296;0.140507731;4;0.035126933;2.166;2.051;2.1085;0;1.516883733
79;0.146162598;2;0.073081299;1.037;0.113;0.575;0;1.507802049
2135;0.066051986;1;0.066051986;0;0;0;0;1.505511877
2020;0.101787602;1;0.101787602;0;0;0;0;1.501740129
6;0.126056405;3;0.042018802;0.478;0.591;0.5345;0;1.497935367
2494;0.096211275;1;0.096211275;0;0;0;0;1.490586119
312;0.09833185;2;0.049165925;0.404;0.028;0.216;1;1.479935356
214;0.123543131;2;0.061771566;0.812;0.017;0.4145;0;1.479683809
378;0.147105076;2;0.073552538;0.217;0.583;0.4;0;1.479144317
121;0.123621671;3;0.041207224;1.37;0.381;0.8755;0;1.476262855
149;0.16257742;4;0.040644355;1.086;2.081;1.5835;0;1.464336354
328;0.144827421;3;0.048275807;0.381;2.391;1.386;1;1.461239358
2448;0.113411495;1;0.113411495;0;0;0;1;1.460312008
35;0.164226756;4;0.041056689;1.648;1.637;1.6425;1;1.455427477
230;0.077361719;2;0.03868086;0.101;0.327;0.214;0;1.453130102
17;0.118830742;2;0.059415371;0.93;0.4;0.665;1;1.449399425
128;0.136188042;3;0.045396014;1.329;1.763;1.546;0;1.446944287
374;0.155037597;3;0.051679199;0.904;1.153;1.0285;0;1.440727069
16;0.107599548;2;0.053799774;0.202;0.406;0.304;1;1.435150033
185;0.141999988;2;0.070999994;1.166;0.053;0.6095;0;1.432470722
133;0.13673782;2;0.06836891;0.674;0.832;0.753;1;1.42816907
313;0.139565254;3;0.046521751;1.057;0.578;0.8175;1;1.425353016
124;0.155587376;3;0.051862459;0.962;0.297;0.6295;0;1.416015156
84;0.17113826;5;0.034227652;1.631;1.135;1.383;0;1.412783939
3522;0.080424772;1;0.080424772;0;0;0;0;1.409686229
340;0.091891585;2;0.045945793;1.328;0.565;0.9465;0;1.404979
351;0.206873876;3;0.068957959;1.23;1.135;1.1825;1;1.399804732
381;0.11129092;2;0.05564546;0.706;0.498;0.602;0;1.394700543
184;0.107599548;2;0.053799774;0.244;0.406;0.325;0;1.381845752
50;0.065345127;2;0.032672564;0.348;0.618;0.483;0;1.353404574
347;0.151424766;3;0.050474922;1;0.751;0.8755;0;1.34275235
29;0.177578525;4;0.044394631;0.419;1.23;0.8245;1;1.340532207
3583;0.152053084;1;0.152053084;0;0;0;1;1.324571692
216;0.127941361;2;0.063970681;0.322;0.333;0.3275;0;1.318933748
212;0.151581846;4;0.037895462;1.024;1.569;1.2965;0;1.316771946
138;0.066051986;2;0.033025993;0.19;0.149;0.1695;1;1.315533585
55;0.120715698;2;0.060357849;0.133;0.42;0.2765;0;1.311228704
24;0.166504411;2;0.083252206;0.228;0.699;0.4635;0;1.284622077
272;0.110662601;2;0.055331301;0.435;0.512;0.4735;0;1.283570274
261;0.13673782;2;0.06836891;0.489;0.396;0.4425;1;1.278433171
187;0.22242476;3;0.074141587;2.515;1.198;1.8565;1;1.275907858
3364;0.125663706;1;0.125663706;0;0;0;0;1.275516316
2138;0.101787602;1;0.101787602;0;0;0;0;1.273687186
130;0.119144901;2;0.059572451;0.471;0.605;0.538;1;1.270182534
228;0.131082953;4;0.032770738;1.231;1.243;1.237;0;1.267185592
387;0.146162598;2;0.073081299;0.678;0.03;0.354;1;1.266140503
28;0.141371669;4;0.035342917;1.312;0.879;1.0955;0;1.266024025
246;0.132261051;2;0.066130526;0.945;0.947;0.946;0;1.250793563
281;0.159043128;2;0.079521564;0.88;1.413;1.1465;0;1.249616132
81;0.129983396;5;0.025996679;1.003;0.976;0.9895;0;1.232869239
332;0.146319678;7;0.020902811;0.988;2.923;1.9555;0;1.230035831
363;0.146633837;8;0.01832923;1.68;1.147;1.4135;0;1.226773468
355;0.183547551;6;0.030591259;1.838;1.688;1.763;0;1.224867447
337;0.125663706;2;0.062831853;0.12;0.597;0.3585;0;1.218068784
148;0.117731185;3;0.039243728;1.088;1.015;1.0515;0;1.212865623
192;0.146162598;2;0.073081299;0.423;0.687;0.555;1;1.208567898
3593;0.066051986;1;0.066051986;0;0;0;0;1.206026412
21;0.117024326;2;0.058512163;0.576;0.182;0.379;0;1.202014498
2446;0.113411495;1;0.113411495;0;0;0;0;1.195712577
210;0.147105076;2;0.073552538;0.278;0.713;0.4955;1;1.194318581
140;0.088278754;3;0.029426251;1.084;0.154;0.619;1;1.191744165
266;0.145612819;4;0.036403205;1.705;1.736;1.7205;0;1.188459781
139;0.115924769;3;0.03864159;0.428;1.055;0.7415;0;1.185328625
2862;0.125663706;1;0.125663706;0;0;0;1;1.182625735
2128;0.090792028;1;0.090792028;0;0;0;0;1.182172268
346;0.165326313;3;0.055108771;1.569;1.103;1.336;0;1.181121969
284;0.061653756;2;0.030826878;0.224;0.614;0.419;0;1.174298471
319;0.118438043;2;0.059219022;0.242;0.457;0.3495;0;1.15693716
260;0.142314147;5;0.028462829;1.877;1.685;1.781;0;1.153532956
61;0.156215695;2;0.078107848;0.276;0.121;0.1985;1;1.152533089
18;0.151110607;2;0.075555304;0.37;0.804;0.587;0;1.152318985
301;0.187631621;3;0.062543874;1.077;0.792;0.9345;1;1.15134122
27;0.208051973;3;0.069350658;0.777;1.713;1.245;0;1.149277721
164;0.152131624;4;0.038032906;1.548;1.867;1.7075;0;1.141879963
303;0.119144901;3;0.039714967;0.491;0.437;0.464;0;1.141454356
217;0.133596228;3;0.044532076;0.2;0.095;0.1475;0;1.128852806
360;0.178756622;3;0.059585541;1.276;0.987;1.1315;1;1.125448826
3633;0.070685835;1;0.070685835;0;0;0;0;1.117894146
36;0.234912591;4;0.058728148;1.525;0.622;1.0735;0;1.11071766
354;0.214570778;3;0.071523593;0.646;1.356;1.001;0;1.104380194
127;0.20962277;3;0.069874257;1.196;0.483;0.8395;0;1.089838809
325;0.236719006;6;0.039453168;1.337;2.235;1.786;0;1.089286078
2505;0.125663706;1;0.125663706;0;0;0;0;1.085634681
12;0.1712168;2;0.0856084;0.449;0.094;0.2715;0;1.082890807
15;0.190537594;4;0.047634399;1.568;0.733;1.1505;0;1.07943668
250;0.149304191;2;0.074652096;0.285;0.534;0.4095;1;1.073790608
2126;0.049087385;1;0.049087385;0;0;0;0;1.07120091
240;0.164069676;3;0.054689892;1.448;0.994;1.221;0;1.069575011
342;0.167603968;4;0.041900992;2.044;1.42;1.732;0;1.067348067
45;0.091891585;2;0.045945793;0.053;0.998;0.5255;0;1.061083934
311;0.188574099;5;0.03771482;1.835;1.314;1.5745;0;1.058901338
175;0.210565248;4;0.052641312;0.998;1.091;1.0445;0;1.048907575
142;0.100688045;3;0.033562682;1.125;0.76;0.9425;0;1.044034546
350;0.209308611;2;0.104654306;0.463;0.235;0.349;0;1.040472425
46;0.192736709;5;0.038547342;1.051;1.593;1.322;0;1.029366234
129;0.214413699;4;0.053603425;1.755;1.573;1.664;1;1.027031022
245;0.177499985;3;0.059166662;1.488;0.931;1.2095;0;1.025692995
42;0.182212374;2;0.091106187;0.821;0.017;0.419;0;1.025415023
34;0.199648213;6;0.033274702;1.951;2.351;2.151;0;1.021436899
161;0.158964588;5;0.031792918;1.999;1.049;1.524;0;1.008300846
14;0.168153747;3;0.056051249;0.665;0.451;0.558;0;1.00369313
40;0.189516577;3;0.063172192;0.925;1.103;1.014;0;0.986595104
359;0.181584055;2;0.090792028;0.672;0.034;0.353;0;0.985000856
2724;0.053092916;1;0.053092916;0;0;0;1;0.979146264
105;0.215827415;4;0.053956854;1.163;2.472;1.8175;1;0.979034097
71;0.141842908;4;0.035460727;1.09;1.513;1.3015;0;0.973330011
222;0.182369454;4;0.045592364;1.487;0.595;1.041;0;0.97106506
2693;0.113411495;1;0.113411495;0;0;0;0;0.955670262
338;0.141371669;2;0.070685835;0.759;0.387;0.573;0;0.955422165
96;0.275360596;6;0.045893433;2.869;1.544;2.2065;1;0.949008867
19;0.156215695;3;0.052071898;0.447;1.162;0.8045;1;0.946614716
194;0.196349541;2;0.098174771;0.631;0.285;0.458;0;0.940047582
9;0.218419229;3;0.07280641;0.569;0.675;0.622;0;0.937983425
268;0.173180295;4;0.043295074;1.656;1.901;1.7785;0;0.921621076
104;0.182997772;2;0.091498886;0.066;1.319;0.6925;0;0.916000535
326;0.151110607;2;0.075555304;0.482;0.275;0.3785;0;0.90216748
324;0.294602851;5;0.05892057;0.884;2.238;1.561;1;0.897365524
343;0.177028746;3;0.059009582;1.183;1.05;1.1165;0;0.896058119
49;0.141999988;2;0.070999994;0.332;0.241;0.2865;1;0.893405041
25;0.198313036;3;0.066104345;0.919;0.2;0.5595;0;0.891428796
196;0.225566353;3;0.075188784;0.915;0.716;0.8155;1;0.890069897
11;0.219047548;3;0.073015849;0.42;1.302;0.861;0;0.889977822
211;0.190851754;4;0.047712939;0.586;1.934;1.26;0;0.882605203
283;0.093383842;3;0.031127947;1.044;1.144;1.094;0;0.875152788
92;0.173180295;3;0.057726765;0.726;0.967;0.8465;0;0.872463168
101;0.225959052;4;0.056489763;0.531;1.028;0.7795;0;0.863789488
146;0.214413699;5;0.04288274;1.432;1.103;1.2675;0;0.86093018
197;0.237975644;5;0.047595129;2.243;2.207;2.225;0;0.859563458
375;0.215356176;4;0.053839044;1.202;1.914;1.558;0;0.855039829
145;0.123543131;2;0.061771566;0.081;0.677;0.379;0;0.854739639
348;0.161006623;2;0.080503312;0.277;1.042;0.6595;1;0.843461137
4200;0.204596222;4;0.051149056;1.411;1.182;1.2965;0;0.831769522
26;0.262244447;4;0.065561112;2.018;0.829;1.4235;1;0.824574813
106;0.234127193;4;0.058531798;1.431;2.574;2.0025;1;0.820588866
83;0.15817919;3;0.052726397;0.804;0.608;0.706;0;0.818179026
183;0.193836267;3;0.064612089;1.213;0.865;1.039;1;0.816798489
321;0.141764368;3;0.047254789;0.452;0.782;0.617;0;0.816657063
22;0.121422556;5;0.024284511;1.53;1.57;1.55;0;0.814584653
308;0.226901529;4;0.056725382;1.548;2.225;1.8865;0;0.810898989
224;0.287063029;6;0.047843838;2.295;2.223;2.259;0;0.802152744
59;0.185746666;6;0.030957778;1.1;2.001;1.5505;0;0.799053226
376;0.234284272;5;0.046856854;1.996;1.537;1.7665;0;0.797858171
297;0.20082631;4;0.050206578;0.391;1.474;0.9325;0;0.796015713
2001;0.080424772;1;0.080424772;0;0;0;0;0.789096315
247;0.165169234;4;0.041292309;0.798;1.816;1.307;1;0.788480614
385;0.13705198;2;0.06852599;0.421;0.578;0.4995;1;0.777196018
388;0.233655954;5;0.046731191;1.405;1.47;1.4375;0;0.777188494
95;0.26075219;6;0.043458698;1.649;1.444;1.5465;1;0.776212677
239;0.276931392;6;0.046155232;0.994;2.02;1.507;0;0.774914058
235;0.191322993;4;0.047830748;1.406;1.486;1.446;1;0.770805262
66;0.17946348;8;0.022432935;4.289;4.988;4.6385;0;0.763214973
270;0.189516577;3;0.063172192;0.528;0.492;0.51;0;0.762132727
60;0.139800873;7;0.019971553;1.642;1.977;1.8095;0;0.755805367
199;0.266878296;5;0.053375659;1.478;1.723;1.6005;1;0.744838589
254;0.252034271;4;0.063008568;2.309;1.266;1.7875;1;0.73416341
382;0.160849544;2;0.080424772;0.514;0.568;0.541;0;0.732265028
3586;0.113411495;1;0.113411495;0;0;0;1;0.729609017
2136;0.090792028;1;0.090792028;0;0;0;0;0.728990001
227;0.215042017;2;0.107521009;0.046;0.651;0.3485;0;0.724343481
306;0.189830736;3;0.063276912;2.385;0.688;1.5365;0;0.714901067
53;0.093698001;3;0.031232667;0.366;0.332;0.349;0;0.709171158
365;0.220932503;6;0.036822084;1.837;1.981;1.909;0;0.701569421
3620;0.101787602;1;0.101787602;0;0;0;0;0.700806316
280;0.255411483;4;0.063852871;1.826;0.704;1.265;1;0.69510451
255;0.274967897;6;0.045827983;2.314;1.769;2.0415;0;0.686796121
2146;0.132025431;1;0.132025431;0;0;0;0;0.685541017
70;0.184254409;6;0.030709068;1.378;1.667;1.5225;1;0.683399745
64;0.280151525;5;0.056030305;1.055;1.23;1.1425;0;0.681611637
238;0.320128291;5;0.064025658;1.936;1.806;1.871;0;0.681306734
275;0.254783164;3;0.084927721;1.125;0.689;0.907;1;0.676146071
358;0.246300864;4;0.061575216;0.799;1.764;1.2815;0;0.671444917
182;0.211664805;5;0.042332961;1.938;1.215;1.5765;0;0.668792531
299;0.254076306;5;0.050815261;1.535;1.851;1.693;0;0.668516628
327;0.283999976;5;0.056799995;0.859;1.529;1.194;0;0.668464607
234;0.257767677;8;0.03222096;1.721;2.167;1.944;0;0.661244971
206;0.237740024;3;0.079246675;0.645;0.758;0.7015;0;0.656283942
2134;0.113411495;1;0.113411495;0;0;0;0;0.65321839
377;0.271512145;5;0.054302429;0.719;1.311;1.015;1;0.651484342
215;0.268370552;4;0.067092638;1.379;0.953;1.166;0;0.650878692
188;0.257296438;5;0.051459288;1.089;2.256;1.6725;1;0.647360591
3626;0.070685835;1;0.070685835;0;0;0;0;0.646623043
3398;0.180955737;1;0.180955737;0;0;0;0;0.646260014
259;0.234362812;4;0.058590703;1.288;1.041;1.1645;1;0.642890788
69;0.242138254;4;0.060534564;1.004;1.406;1.205;1;0.642884769
318;0.155901535;2;0.077950768;0.74;0.371;0.5555;0;0.641805653
243;0.256196881;5;0.051239376;1.576;0.868;1.222;0;0.635427763
51;0.203496664;7;0.029070952;1.707;1.613;1.66;0;0.627051929
209;0.22674445;5;0.04534889;2.214;1.046;1.63;0;0.622198404
231;0.127234502;2;0.063617251;0.102;0.404;0.253;0;0.614824581
307;0.227529848;4;0.056882462;1.051;2.167;1.609;0;0.596313479
237;0.32075661;5;0.064151322;0.898;1.539;1.2185;0;0.593407339
249;0.204596222;4;0.051149056;1.191;0.73;0.9605;0;0.589917575
357;0.279994445;4;0.069998611;1.434;1.649;1.5415;0;0.580534695
295;0.199019895;4;0.049754974;1.373;0.584;0.9785;0;0.572775786
345;0.249520997;4;0.062380249;1.256;2.087;1.6715;1;0.565468123
32;0.203653744;6;0.033942291;1.701;1.016;1.3585;0;0.558190655
13;0.24370905;4;0.060927263;2.461;1.958;2.2095;0;0.557705764
285;0.123778751;2;0.061889376;0.334;0.102;0.218;1;0.557184398
232;0.310310814;4;0.077577704;0.977;1.027;1.002;0;0.551088867
218;0.283764356;2;0.141882178;0.606;0.735;0.6705;1;0.525625726
62;0.339449086;7;0.048492727;1.948;2.037;1.9925;1;0.525026513
190;0.177578525;3;0.059192842;0.818;1.174;0.996;1;0.523422502
253;0.330809706;7;0.047258529;2.031;1.527;1.779;0;0.517213149
2;0.142392687;4;0.035598172;0.679;0.986;0.8325;0;0.514052961
251;0.182919232;3;0.060973077;1.991;0.574;1.2825;1;0.511117529
370;0.117574105;3;0.039191368;0.216;0.272;0.244;0;0.508314566
384;0.297901523;4;0.074475381;1.75;1.714;1.732;0;0.505147319
226;0.372357269;3;0.12411909;2.222;0.927;1.5745;1;0.49147376
221;0.252741129;2;0.126370565;0.9;0.018;0.459;1;0.491379847
229;0.208680292;3;0.069560097;0.357;1.086;0.7215;1;0.487463353
7;0.373456827;5;0.074691365;2.308;1.39;1.849;0;0.475926621
367;0.319499973;5;0.063899995;1.199;2.359;1.779;0;0.472602973
317;0.217790911;3;0.07259697;1.962;1.044;1.503;0;0.471434579
189;0.319499973;6;0.053249996;1.113;2.022;1.5675;0;0.464576776
291;0.288084046;7;0.041154864;2.142;1.791;1.9665;0;0.459602068
271;0.287298648;5;0.05745973;1.309;2.318;1.8135;1;0.4536635
339;0.230435821;4;0.057608955;0.934;1.299;1.1165;0;0.450017503
349;0.286827409;6;0.047804568;2.575;2.333;2.454;0;0.449927431
314;0.310467894;6;0.051744649;2.003;2.155;2.079;0;0.440585848
3;0.227844007;4;0.056961002;0.682;2.253;1.4675;0;0.439058371
352;0.405501072;5;0.081100214;2.888;1.247;2.0675;1;0.438811683
195;0.260438031;6;0.043406339;2.493;1.515;2.004;1;0.438712608
334;0.156372774;4;0.039093194;1.287;0.858;1.0725;0;0.438700297
30;0.248264359;2;0.12413218;0.825;0.322;0.5735;0;0.426905092
73;0.150560828;3;0.050186943;0.851;0.69;0.7705;0;0.418804798
4;0.317222318;4;0.07930558;1.072;1.111;1.0915;0;0.412054073
5;0.254154846;3;0.084718282;0.627;0.376;0.5015;0;0.411975316
48;0.276224534;8;0.034528067;3.493;2.154;2.8235;0;0.411219756
103;0.301435815;6;0.050239303;1.302;1.597;1.4495;0;0.406208179
315;0.331202406;8;0.041400301;2.1;1.999;2.0495;0;0.396117488
320;0.212528743;4;0.053132186;1.001;1.374;1.1875;1;0.393763433
147;0.292560816;6;0.048760136;3.268;1.608;2.438;0;0.391633238
302;0.297194665;5;0.059438933;1.687;1.793;1.74;0;0.383071976
361;0.205774319;4;0.05144358;1.41;0.878;1.144;0;0.364604271
333;0.315887141;6;0.052647857;2.33;1.181;1.7555;1;0.361220193
364;0.296095108;8;0.037011889;2.589;1.603;2.096;0;0.356762772
1;0.187317462;2;0.093658731;0.262;1.204;0.733;0;0.34341949
368;0.366702402;8;0.0458378;4.116;2.608;3.362;0;0.340221824
286;0.220618344;4;0.055154586;2.183;1.648;1.9155;1;0.337070253
294;0.164069676;3;0.054689892;1.895;1.14;1.5175;1;0.32275389
191;0.3590055;3;0.1196685;0.689;0.947;0.818;1;0.319215033
47;0.269784269;4;0.067446067;1.731;2.062;1.8965;0;0.313558661
322;0.388615011;7;0.05551643;2.045;2.668;2.3565;0;0.311330047
233;0.47061058;7;0.067230083;1.87;2.159;2.0145;0;0.310305655
289;0.402987798;6;0.067164633;1.567;1.729;1.648;1;0.29699701
57;0.198155957;5;0.039631191;1.859;1.144;1.5015;0;0.286836721
56;0.341019883;8;0.042627485;1.114;2.007;1.5605;0;0.280926239
282;0.430398194;6;0.071733032;1.203;2.675;1.939;1;0.254773958
366;0.38932187;5;0.077864374;1.548;1.216;1.382;0;0.212261599
52;0.176321888;2;0.088160944;0.443;0.209;0.326;0;0.200126685
248;0.310153735;6;0.051692289;2.369;2.404;2.3865;1;0.175708168
316;0.272454623;2;0.136227312;0.377;1.193;0.785;1;0.155187241
200;0.656200166;7;0.093742881;2.319;3.173;2.746;0;0.104593694
